wastedVol,volume,cutOff,utilization,fTimesLengthSum
4896.000071290539,34562.99992870946,0.1416543726351635,0.8213037555920477,55.76487612001068
