designNumber,wastedVol,volume,cutOff,utilization,fTimesLengthSum
,9686.743903153714,69080.25609684628,0.1402244932267404,0.9096171284740303,113.42685533295604
