wastedVol,volume,cutOff,utilization,fTimesLengthSum
5610.533842253273,47729.46615774672,0.11754864015680294,0.8702612068162797,74.81759020603086
